<products>
    <company id='11'>
        <id> 11 </id>
        <name> Samsung </name>
        <unitprice> 35000 </unitprice>
        <stock> 50 </stock>
        <status> 1 </status>
    </company>

    <company id='20'>
        <id> 20 </id>
        <name> HTC </name>
        <unitprice> 65300 </unitprice>
        <stock> 35 </stock>
        <status> 0 </status>
    </company>

    <company id='23'>
        <id> 23 </id>
        <name> Nokia </name>
        <unitprice> 25100 </unitprice>
        <stock> 100</stock>
        <status> 1 </status>
    </company>

</products>